{"cameraMode":{"drawMode":0,"name":"Shaded","section":"Shading Mode"},"sceneLighting":false,"audioPlay":false,"sceneViewState":{"showFog":false,"showMaterialUpdate":false,"showSkybox":true,"showFlares":false,"showImageEffects":false,"showParticleSystems":false},"in2DMode":false,"pivot":{"x":2.521575689315796,"y":0.12269775569438935,"z":0.17818239331245423},"rotation":{"x":-0.008587639778852463,"y":-0.9414330124855042,"z":-0.024633165448904039,"w":0.3363898992538452},"size":0.46123844385147097,"orthographic":false}