{"cameraMode":{"drawMode":0,"name":"Shaded","section":"Shading Mode"},"sceneLighting":false,"audioPlay":false,"sceneViewState":{"showFog":false,"showMaterialUpdate":false,"showSkybox":false,"showFlares":false,"showImageEffects":false,"showParticleSystems":false},"in2DMode":false,"pivot":{"x":-2.1236674785614015,"y":1.3458447456359864,"z":-0.8897643089294434},"rotation":{"x":0.07457296550273895,"y":-0.043996043503284457,"z":0.003289662068709731,"w":0.9962754845619202},"size":4.07769250869751,"orthographic":false}