{"cameraMode":{"drawMode":0,"name":"Shaded","section":"Shading Mode"},"sceneLighting":false,"audioPlay":false,"sceneViewState":{"showFog":false,"showMaterialUpdate":false,"showSkybox":false,"showFlares":false,"showImageEffects":false,"showParticleSystems":false},"in2DMode":false,"pivot":{"x":3.9082508087158205,"y":1.3221179246902466,"z":-0.8274064660072327},"rotation":{"x":0.11443517357110977,"y":0.6671308279037476,"z":-0.10468360781669617,"w":0.7287054657936096},"size":2.275622844696045,"orthographic":false}