{"cameraMode":{"drawMode":0,"name":"Shaded","section":"Shading Mode"},"sceneLighting":false,"audioPlay":false,"sceneViewState":{"showFog":false,"showMaterialUpdate":false,"showSkybox":true,"showFlares":false,"showImageEffects":false,"showParticleSystems":false},"in2DMode":false,"pivot":{"x":2.1259946823120119,"y":0.03466057777404785,"z":-0.8189651966094971},"rotation":{"x":-0.42712199687957766,"y":0.47660118341445925,"z":-0.28530094027519228,"w":-0.7134913206100464},"size":2.994332790374756,"orthographic":false}