{"cameraMode":{"drawMode":0,"name":"Shaded","section":"Shading Mode"},"sceneLighting":false,"audioPlay":false,"sceneViewState":{"showFog":false,"showMaterialUpdate":false,"showSkybox":true,"showFlares":false,"showImageEffects":false,"showParticleSystems":false},"in2DMode":false,"pivot":{"x":-3.9854860305786135,"y":1.5141479969024659,"z":-2.1096582412719728},"rotation":{"x":-0.12462970614433289,"y":-0.5356717705726624,"z":0.08030571788549423,"w":-0.8313161730766296},"size":1.1324020624160767,"orthographic":false}