{"cameraMode":{"drawMode":0,"name":"Shaded","section":"Shading Mode"},"sceneLighting":false,"audioPlay":false,"sceneViewState":{"showFog":false,"showMaterialUpdate":false,"showSkybox":true,"showFlares":false,"showImageEffects":false,"showParticleSystems":false},"in2DMode":false,"pivot":{"x":-0.08639001846313477,"y":1.9525022506713868,"z":-5.88071346282959},"rotation":{"x":-0.0016832021065056325,"y":-0.3685108721256256,"z":0.0006641990039497614,"w":-0.9296295642852783},"size":2.9324018955230715,"orthographic":false}