{"cameraMode":{"drawMode":0,"name":"Shaded","section":"Shading Mode"},"sceneLighting":false,"audioPlay":false,"sceneViewState":{"showFog":false,"showMaterialUpdate":false,"showSkybox":true,"showFlares":false,"showImageEffects":false,"showParticleSystems":false},"in2DMode":false,"pivot":{"x":0.7336282730102539,"y":-0.7961456775665283,"z":-0.23626470565795899},"rotation":{"x":-0.22481387853622437,"y":0.7747474312782288,"z":-0.40216386318206789,"w":-0.4330551326274872},"size":4.25767707824707,"orthographic":false}